route,width,theme,document_overflow,table_count,small_control_count_including_inline_links
/,320,light,False,0,31
/roadmap/,320,light,False,0,31
/level/2/,320,light,False,0,27
/module/01-MODULE/,320,light,False,0,28
/module/08-MODULE/,320,light,False,0,28
/lesson/01-001/,320,light,False,0,42
/lesson/14-003/,320,light,False,0,41
/practice/,320,light,False,0,29
/practice/18-P01/,320,light,True,1,37
/sources/,320,light,False,0,27
/source/B01/,320,light,False,0,27
/bookmarks/,320,light,False,0,27
/settings/,320,light,False,0,28
/final-project/,320,light,False,0,27
/search/?q=возражения,320,light,False,0,27
/,390,light,False,0,31
/roadmap/,390,light,False,0,31
/level/2/,390,light,False,0,27
/module/01-MODULE/,390,light,False,0,28
/module/08-MODULE/,390,light,False,0,28
/lesson/01-001/,390,light,False,0,42
/lesson/14-003/,390,light,False,0,41
/practice/,390,light,False,0,29
/practice/18-P01/,390,light,True,1,37
/sources/,390,light,False,0,27
/source/B01/,390,light,False,0,27
/bookmarks/,390,light,False,0,27
/settings/,390,light,False,0,28
/final-project/,390,light,False,0,27
/search/?q=возражения,390,light,False,0,27
/,768,light,False,0,31
/roadmap/,768,light,False,0,31
/level/2/,768,light,False,0,27
/module/01-MODULE/,768,light,False,0,28
/module/08-MODULE/,768,light,False,0,28
/lesson/01-001/,768,light,False,0,42
/lesson/14-003/,768,light,False,0,42
/practice/,768,light,False,0,29
/practice/18-P01/,768,light,False,1,37
/sources/,768,light,False,0,27
/source/B01/,768,light,False,0,27
/bookmarks/,768,light,False,0,27
/settings/,768,light,False,0,28
/final-project/,768,light,False,0,27
/search/?q=возражения,768,light,False,0,27
/,1024,light,False,0,15
/roadmap/,1024,light,False,0,14
/level/2/,1024,light,False,0,10
/module/01-MODULE/,1024,light,False,0,11
/module/08-MODULE/,1024,light,False,0,11
/lesson/01-001/,1024,light,False,0,25
/lesson/14-003/,1024,light,False,0,25
/practice/,1024,light,False,0,12
/practice/18-P01/,1024,light,False,1,20
/sources/,1024,light,False,0,10
/source/B01/,1024,light,False,0,11
/bookmarks/,1024,light,False,0,10
/settings/,1024,light,False,0,15
/final-project/,1024,light,False,0,10
/search/?q=возражения,1024,light,False,0,10
/,1440,light,False,0,39
/roadmap/,1440,light,False,0,38
/level/2/,1440,light,False,0,34
/module/01-MODULE/,1440,light,False,0,35
/module/08-MODULE/,1440,light,False,0,35
/lesson/01-001/,1440,light,False,0,50
/lesson/14-003/,1440,light,False,0,50
/practice/,1440,light,False,0,36
/practice/18-P01/,1440,light,False,1,50
/sources/,1440,light,False,0,34
/source/B01/,1440,light,False,0,35
/bookmarks/,1440,light,False,0,34
/settings/,1440,light,False,0,39
/final-project/,1440,light,False,0,34
/search/?q=возражения,1440,light,False,0,34
/,320,dark,False,0,31
/roadmap/,320,dark,False,0,31
/level/2/,320,dark,False,0,27
/module/01-MODULE/,320,dark,False,0,28
/module/08-MODULE/,320,dark,False,0,28
/lesson/01-001/,320,dark,False,0,42
/lesson/14-003/,320,dark,False,0,41
/practice/,320,dark,False,0,29
/practice/18-P01/,320,dark,True,1,37
/sources/,320,dark,False,0,27
/source/B01/,320,dark,False,0,27
/bookmarks/,320,dark,False,0,27
/settings/,320,dark,False,0,28
/final-project/,320,dark,False,0,27
/search/?q=возражения,320,dark,False,0,27
/,390,dark,False,0,31
/roadmap/,390,dark,False,0,31
/level/2/,390,dark,False,0,27
/module/01-MODULE/,390,dark,False,0,28
/module/08-MODULE/,390,dark,False,0,28
/lesson/01-001/,390,dark,False,0,42
/lesson/14-003/,390,dark,False,0,41
/practice/,390,dark,False,0,29
/practice/18-P01/,390,dark,True,1,37
/sources/,390,dark,False,0,27
/source/B01/,390,dark,False,0,27
/bookmarks/,390,dark,False,0,27
/settings/,390,dark,False,0,28
/final-project/,390,dark,False,0,27
/search/?q=возражения,390,dark,False,0,27
/,768,dark,False,0,31
/roadmap/,768,dark,False,0,31
/level/2/,768,dark,False,0,27
/module/01-MODULE/,768,dark,False,0,28
/module/08-MODULE/,768,dark,False,0,28
/lesson/01-001/,768,dark,False,0,42
/lesson/14-003/,768,dark,False,0,42
/practice/,768,dark,False,0,29
/practice/18-P01/,768,dark,False,1,37
/sources/,768,dark,False,0,27
/source/B01/,768,dark,False,0,27
/bookmarks/,768,dark,False,0,27
/settings/,768,dark,False,0,28
/final-project/,768,dark,False,0,27
/search/?q=возражения,768,dark,False,0,27
/,1024,dark,False,0,15
/roadmap/,1024,dark,False,0,14
/level/2/,1024,dark,False,0,10
/module/01-MODULE/,1024,dark,False,0,11
/module/08-MODULE/,1024,dark,False,0,11
/lesson/01-001/,1024,dark,False,0,25
/lesson/14-003/,1024,dark,False,0,25
/practice/,1024,dark,False,0,12
/practice/18-P01/,1024,dark,False,1,20
/sources/,1024,dark,False,0,10
/source/B01/,1024,dark,False,0,11
/bookmarks/,1024,dark,False,0,10
/settings/,1024,dark,False,0,15
/final-project/,1024,dark,False,0,10
/search/?q=возражения,1024,dark,False,0,10
/,1440,dark,False,0,39
/roadmap/,1440,dark,False,0,38
/level/2/,1440,dark,False,0,34
/module/01-MODULE/,1440,dark,False,0,35
/module/08-MODULE/,1440,dark,False,0,35
/lesson/01-001/,1440,dark,False,0,50
/lesson/14-003/,1440,dark,False,0,50
/practice/,1440,dark,False,0,36
/practice/18-P01/,1440,dark,False,1,50
/sources/,1440,dark,False,0,34
/source/B01/,1440,dark,False,0,35
/bookmarks/,1440,dark,False,0,34
/settings/,1440,dark,False,0,39
/final-project/,1440,dark,False,0,34
/search/?q=возражения,1440,dark,False,0,34
