route,width,theme,HTTP,visible_h1_count,document_overflow,table_count
/,1440,dark,200,1,False,0
/bookmarks/,1440,dark,200,1,False,0
/final-project/,1440,dark,200,1,False,0
/lesson/01-001/,1440,dark,200,1,False,0
/lesson/01-002/,1440,dark,200,1,False,0
/lesson/01-003/,1440,dark,200,1,False,0
/lesson/01-004/,1440,dark,200,1,False,0
/lesson/01-005/,1440,dark,200,1,False,0
/lesson/01-006/,1440,dark,200,1,False,0
/lesson/01-007/,1440,dark,200,1,False,0
/lesson/01-008/,1440,dark,200,1,False,0
/lesson/01-009/,1440,dark,200,1,False,0
/lesson/01-010/,1440,dark,200,1,False,0
/lesson/01-011/,1440,dark,200,1,False,0
/lesson/01-012/,1440,dark,200,1,False,0
/lesson/01-013/,1440,dark,200,1,False,0
/lesson/02-001/,1440,dark,200,1,False,0
/lesson/02-002/,1440,dark,200,1,False,0
/lesson/02-003/,1440,dark,200,1,False,0
/lesson/02-004/,1440,dark,200,1,False,0
/lesson/02-005/,1440,dark,200,1,False,0
/lesson/02-006/,1440,dark,200,1,False,0
/lesson/02-007/,1440,dark,200,1,False,0
/lesson/02-008/,1440,dark,200,1,False,0
/lesson/02-009/,1440,dark,200,1,False,0
/lesson/02-010/,1440,dark,200,1,False,0
/lesson/02-011/,1440,dark,200,1,False,0
/lesson/02-012/,1440,dark,200,1,False,0
/lesson/02-013/,1440,dark,200,1,False,0
/lesson/02-014/,1440,dark,200,1,False,0
/lesson/03-001/,1440,dark,200,1,False,0
/lesson/03-002/,1440,dark,200,1,False,0
/lesson/03-003/,1440,dark,200,1,False,0
/lesson/03-004/,1440,dark,200,1,False,0
/lesson/03-005/,1440,dark,200,1,False,0
/lesson/03-006/,1440,dark,200,1,False,0
/lesson/03-007/,1440,dark,200,1,False,0
/lesson/03-008/,1440,dark,200,1,False,0
/lesson/03-009/,1440,dark,200,1,False,0
/lesson/03-010/,1440,dark,200,1,False,0
/lesson/03-011/,1440,dark,200,1,False,0
/lesson/03-012/,1440,dark,200,1,False,0
/lesson/03-013/,1440,dark,200,1,False,0
/lesson/03-014/,1440,dark,200,1,False,0
/lesson/04-001/,1440,dark,200,1,False,0
/lesson/04-002/,1440,dark,200,1,False,0
/lesson/04-003/,1440,dark,200,1,False,0
/lesson/04-004/,1440,dark,200,1,False,0
/lesson/04-005/,1440,dark,200,1,False,0
/lesson/04-006/,1440,dark,200,1,False,0
/lesson/04-007/,1440,dark,200,1,False,0
/lesson/04-008/,1440,dark,200,1,False,0
/lesson/04-009/,1440,dark,200,1,False,0
/lesson/04-010/,1440,dark,200,1,False,0
/lesson/04-011/,1440,dark,200,1,False,0
/lesson/04-012/,1440,dark,200,1,False,0
/lesson/04-013/,1440,dark,200,1,False,0
/lesson/04-014/,1440,dark,200,1,False,0
/lesson/05-001/,1440,dark,200,1,False,0
/lesson/05-002/,1440,dark,200,1,False,0
/lesson/05-003/,1440,dark,200,1,False,0
/lesson/05-004/,1440,dark,200,1,False,0
/lesson/05-005/,1440,dark,200,1,False,0
/lesson/05-006/,1440,dark,200,1,False,0
/lesson/05-007/,1440,dark,200,1,False,0
/lesson/05-008/,1440,dark,200,1,False,0
/lesson/05-009/,1440,dark,200,1,False,0
/lesson/05-010/,1440,dark,200,1,False,0
/lesson/05-011/,1440,dark,200,1,False,0
/lesson/05-012/,1440,dark,200,1,False,0
/lesson/05-013/,1440,dark,200,1,False,0
/lesson/05-014/,1440,dark,200,1,False,0
/lesson/05-015/,1440,dark,200,1,False,0
/lesson/06-001/,1440,dark,200,1,False,0
/lesson/06-002/,1440,dark,200,1,False,0
/lesson/06-003/,1440,dark,200,1,False,0
/lesson/06-004/,1440,dark,200,1,False,0
/lesson/06-005/,1440,dark,200,1,False,0
/lesson/06-006/,1440,dark,200,1,False,0
/lesson/06-007/,1440,dark,200,1,False,0
/lesson/06-008/,1440,dark,200,1,False,0
/lesson/06-009/,1440,dark,200,1,False,0
/lesson/06-010/,1440,dark,200,1,False,0
/lesson/06-011/,1440,dark,200,1,False,0
/lesson/06-012/,1440,dark,200,1,False,0
/lesson/06-013/,1440,dark,200,1,False,0
/lesson/06-014/,1440,dark,200,1,False,0
/lesson/06-015/,1440,dark,200,1,False,0
/lesson/06-016/,1440,dark,200,1,False,0
/lesson/07-001/,1440,dark,200,1,False,0
/lesson/07-002/,1440,dark,200,1,False,0
/lesson/07-003/,1440,dark,200,1,False,0
/lesson/07-004/,1440,dark,200,1,False,0
/lesson/07-005/,1440,dark,200,1,False,0
/lesson/07-006/,1440,dark,200,1,False,0
/lesson/07-007/,1440,dark,200,1,False,0
/lesson/07-008/,1440,dark,200,1,False,0
/lesson/07-009/,1440,dark,200,1,False,0
/lesson/07-010/,1440,dark,200,1,False,0
/lesson/07-011/,1440,dark,200,1,False,0
/lesson/07-012/,1440,dark,200,1,False,0
/lesson/07-013/,1440,dark,200,1,False,0
/lesson/07-014/,1440,dark,200,1,False,0
/lesson/07-015/,1440,dark,200,1,False,0
/lesson/08-001/,1440,dark,200,1,False,0
/lesson/08-002/,1440,dark,200,1,False,0
/lesson/08-003/,1440,dark,200,1,False,0
/lesson/08-004/,1440,dark,200,1,False,0
/lesson/08-005/,1440,dark,200,1,False,0
/lesson/08-006/,1440,dark,200,1,False,0
/lesson/08-007/,1440,dark,200,1,False,0
/lesson/08-008/,1440,dark,200,1,False,0
/lesson/08-009/,1440,dark,200,1,False,0
/lesson/08-010/,1440,dark,200,1,False,0
/lesson/08-011/,1440,dark,200,1,False,0
/lesson/08-012/,1440,dark,200,1,False,0
/lesson/08-013/,1440,dark,200,1,False,0
/lesson/08-014/,1440,dark,200,1,False,0
/lesson/08-015/,1440,dark,200,1,False,0
/lesson/08-016/,1440,dark,200,1,False,0
/lesson/09-001/,1440,dark,200,1,False,0
/lesson/09-002/,1440,dark,200,1,False,0
/lesson/09-003/,1440,dark,200,1,False,0
/lesson/09-004/,1440,dark,200,1,False,0
/lesson/09-005/,1440,dark,200,1,False,0
/lesson/09-006/,1440,dark,200,1,False,0
/lesson/09-007/,1440,dark,200,1,False,0
/lesson/09-008/,1440,dark,200,1,False,0
/lesson/09-009/,1440,dark,200,1,False,0
/lesson/09-010/,1440,dark,200,1,False,0
/lesson/09-011/,1440,dark,200,1,False,0
/lesson/09-012/,1440,dark,200,1,False,0
/lesson/09-013/,1440,dark,200,1,False,0
/lesson/09-014/,1440,dark,200,1,False,0
/lesson/09-015/,1440,dark,200,1,False,0
/lesson/09-016/,1440,dark,200,1,False,0
/lesson/10-001/,1440,dark,200,1,False,0
/lesson/10-002/,1440,dark,200,1,False,0
/lesson/10-003/,1440,dark,200,1,False,0
/lesson/10-004/,1440,dark,200,1,False,0
/lesson/10-005/,1440,dark,200,1,False,0
/lesson/10-006/,1440,dark,200,1,False,0
/lesson/10-007/,1440,dark,200,1,False,0
/lesson/10-008/,1440,dark,200,1,False,0
/lesson/10-009/,1440,dark,200,1,False,0
/lesson/10-010/,1440,dark,200,1,False,0
/lesson/10-011/,1440,dark,200,1,False,0
/lesson/10-012/,1440,dark,200,1,False,0
/lesson/10-013/,1440,dark,200,1,False,0
/lesson/10-014/,1440,dark,200,1,False,0
/lesson/10-015/,1440,dark,200,1,False,0
/lesson/11-001/,1440,dark,200,1,False,0
/lesson/11-002/,1440,dark,200,1,False,0
/lesson/11-003/,1440,dark,200,1,False,0
/lesson/11-004/,1440,dark,200,1,False,0
/lesson/11-005/,1440,dark,200,1,False,0
/lesson/11-006/,1440,dark,200,1,False,0
/lesson/11-007/,1440,dark,200,1,False,0
/lesson/11-008/,1440,dark,200,1,False,0
/lesson/11-009/,1440,dark,200,1,False,0
/lesson/11-010/,1440,dark,200,1,False,0
/lesson/11-011/,1440,dark,200,1,False,0
/lesson/11-012/,1440,dark,200,1,False,0
/lesson/11-013/,1440,dark,200,1,False,0
/lesson/11-014/,1440,dark,200,1,False,0
/lesson/11-015/,1440,dark,200,1,False,0
/lesson/11-016/,1440,dark,200,1,False,0
/lesson/12-001/,1440,dark,200,1,False,0
/lesson/12-002/,1440,dark,200,1,False,0
/lesson/12-003/,1440,dark,200,1,False,0
/lesson/12-004/,1440,dark,200,1,False,0
/lesson/12-005/,1440,dark,200,1,False,0
/lesson/12-006/,1440,dark,200,1,False,0
/lesson/12-007/,1440,dark,200,1,False,0
/lesson/12-008/,1440,dark,200,1,False,0
/lesson/12-009/,1440,dark,200,1,False,0
/lesson/12-010/,1440,dark,200,1,False,0
/lesson/12-011/,1440,dark,200,1,False,0
/lesson/12-012/,1440,dark,200,1,False,0
/lesson/12-013/,1440,dark,200,1,False,0
/lesson/12-014/,1440,dark,200,1,False,0
/lesson/12-015/,1440,dark,200,1,False,0
/lesson/12-016/,1440,dark,200,1,False,0
/lesson/13-001/,1440,dark,200,1,False,0
/lesson/13-002/,1440,dark,200,1,False,0
/lesson/13-003/,1440,dark,200,1,False,0
/lesson/13-004/,1440,dark,200,1,False,0
/lesson/13-005/,1440,dark,200,1,False,0
/lesson/13-006/,1440,dark,200,1,False,0
/lesson/13-007/,1440,dark,200,1,False,0
/lesson/13-008/,1440,dark,200,1,False,0
/lesson/13-009/,1440,dark,200,1,False,0
/lesson/13-010/,1440,dark,200,1,False,0
/lesson/13-011/,1440,dark,200,1,False,0
/lesson/13-012/,1440,dark,200,1,False,0
/lesson/13-013/,1440,dark,200,1,False,0
/lesson/13-014/,1440,dark,200,1,False,0
/lesson/13-015/,1440,dark,200,1,False,0
/lesson/14-001/,1440,dark,200,1,False,0
/lesson/14-002/,1440,dark,200,1,False,0
/lesson/14-003/,1440,dark,200,1,False,0
/lesson/14-004/,1440,dark,200,1,False,0
/lesson/14-005/,1440,dark,200,1,False,0
/lesson/14-006/,1440,dark,200,1,False,0
/lesson/14-007/,1440,dark,200,1,False,0
/lesson/14-008/,1440,dark,200,1,False,0
/lesson/14-009/,1440,dark,200,1,False,0
/lesson/14-010/,1440,dark,200,1,False,0
/lesson/14-011/,1440,dark,200,1,False,0
/lesson/14-012/,1440,dark,200,1,False,0
/lesson/14-013/,1440,dark,200,1,False,0
/lesson/14-014/,1440,dark,200,1,False,0
/lesson/14-015/,1440,dark,200,1,False,0
/lesson/14-016/,1440,dark,200,1,False,0
/lesson/15-001/,1440,dark,200,1,False,0
/lesson/15-002/,1440,dark,200,1,False,0
/lesson/15-003/,1440,dark,200,1,False,0
/lesson/15-004/,1440,dark,200,1,False,0
/lesson/15-005/,1440,dark,200,1,False,0
/lesson/15-006/,1440,dark,200,1,False,0
/lesson/15-007/,1440,dark,200,1,False,0
/lesson/15-008/,1440,dark,200,1,False,0
/lesson/15-009/,1440,dark,200,1,False,0
/lesson/15-010/,1440,dark,200,1,False,0
/lesson/15-011/,1440,dark,200,1,False,0
/lesson/15-012/,1440,dark,200,1,False,0
/lesson/15-013/,1440,dark,200,1,False,0
/lesson/16-001/,1440,dark,200,1,False,0
/lesson/16-002/,1440,dark,200,1,False,0
/lesson/16-003/,1440,dark,200,1,False,0
/lesson/16-004/,1440,dark,200,1,False,0
/lesson/16-005/,1440,dark,200,1,False,0
/lesson/16-006/,1440,dark,200,1,False,0
/lesson/16-007/,1440,dark,200,1,False,0
/lesson/16-008/,1440,dark,200,1,False,0
/lesson/16-009/,1440,dark,200,1,False,0
/lesson/16-010/,1440,dark,200,1,False,0
/lesson/16-011/,1440,dark,200,1,False,0
/lesson/16-012/,1440,dark,200,1,False,0
/lesson/16-013/,1440,dark,200,1,False,0
/lesson/16-014/,1440,dark,200,1,False,0
/lesson/17-001/,1440,dark,200,1,False,0
/lesson/17-002/,1440,dark,200,1,False,0
/lesson/17-003/,1440,dark,200,1,False,0
/lesson/17-004/,1440,dark,200,1,False,0
/lesson/17-005/,1440,dark,200,1,False,0
/lesson/17-006/,1440,dark,200,1,False,0
/lesson/17-007/,1440,dark,200,1,False,0
/lesson/17-008/,1440,dark,200,1,False,0
/lesson/17-009/,1440,dark,200,1,False,0
/lesson/17-010/,1440,dark,200,1,False,0
/lesson/17-011/,1440,dark,200,1,False,0
/lesson/17-012/,1440,dark,200,1,False,0
/lesson/18-001/,1440,dark,200,1,False,0
/lesson/18-002/,1440,dark,200,1,False,0
/lesson/18-003/,1440,dark,200,1,False,0
/lesson/18-004/,1440,dark,200,1,False,0
/lesson/18-005/,1440,dark,200,1,False,0
/lesson/18-006/,1440,dark,200,1,False,0
/lesson/18-007/,1440,dark,200,1,False,0
/lesson/18-008/,1440,dark,200,1,False,0
/lesson/18-009/,1440,dark,200,1,False,0
/lesson/18-010/,1440,dark,200,1,False,0
/lesson/18-011/,1440,dark,200,1,False,0
/lesson/18-012/,1440,dark,200,1,False,0
/lesson/18-013/,1440,dark,200,1,False,0
/lesson/18-014/,1440,dark,200,1,False,0
/lesson/18-015/,1440,dark,200,1,False,0
/lesson/18-016/,1440,dark,200,1,False,0
/lesson/18-017/,1440,dark,200,1,False,0
/lesson/18-018/,1440,dark,200,1,False,0
/lesson/18-019/,1440,dark,200,1,False,0
/lesson/18-020/,1440,dark,200,1,False,0
/lesson/18-021/,1440,dark,200,1,False,0
/lesson/18-022/,1440,dark,200,1,False,0
/lesson/19-001/,1440,dark,200,1,False,0
/lesson/19-002/,1440,dark,200,1,False,0
/lesson/19-003/,1440,dark,200,1,False,0
/lesson/19-004/,1440,dark,200,1,False,0
/lesson/19-005/,1440,dark,200,1,False,0
/lesson/19-006/,1440,dark,200,1,False,0
/lesson/19-007/,1440,dark,200,1,False,0
/lesson/19-008/,1440,dark,200,1,False,0
/lesson/19-009/,1440,dark,200,1,False,0
/lesson/19-010/,1440,dark,200,1,False,0
/lesson/19-011/,1440,dark,200,1,False,0
/lesson/19-012/,1440,dark,200,1,False,0
/lesson/19-013/,1440,dark,200,1,False,0
/lesson/19-014/,1440,dark,200,1,False,0
/lesson/19-015/,1440,dark,200,1,False,0
/lesson/20-001/,1440,dark,200,1,False,0
/lesson/20-002/,1440,dark,200,1,False,0
/lesson/20-003/,1440,dark,200,1,False,0
/lesson/20-004/,1440,dark,200,1,False,0
/lesson/20-005/,1440,dark,200,1,False,0
/lesson/20-006/,1440,dark,200,1,False,0
/lesson/20-007/,1440,dark,200,1,False,0
/lesson/20-008/,1440,dark,200,1,False,0
/lesson/20-009/,1440,dark,200,1,False,0
/lesson/20-010/,1440,dark,200,1,False,0
/lesson/20-011/,1440,dark,200,1,False,0
/lesson/20-012/,1440,dark,200,1,False,0
/lesson/20-013/,1440,dark,200,1,False,0
/lesson/21-001/,1440,dark,200,1,False,0
/lesson/21-002/,1440,dark,200,1,False,0
/lesson/21-003/,1440,dark,200,1,False,0
/lesson/21-004/,1440,dark,200,1,False,0
/lesson/21-005/,1440,dark,200,1,False,0
/lesson/21-006/,1440,dark,200,1,False,0
/lesson/21-007/,1440,dark,200,1,False,0
/lesson/21-008/,1440,dark,200,1,False,0
/lesson/21-009/,1440,dark,200,1,False,0
/lesson/21-010/,1440,dark,200,1,False,0
/lesson/21-011/,1440,dark,200,1,False,0
/lesson/21-012/,1440,dark,200,1,False,0
/lesson/21-013/,1440,dark,200,1,False,0
/lesson/21-014/,1440,dark,200,1,False,0
/lesson/21-015/,1440,dark,200,1,False,0
/lesson/21-016/,1440,dark,200,1,False,0
/lesson/21-017/,1440,dark,200,1,False,0
/lesson/21-018/,1440,dark,200,1,False,0
/lesson/21-019/,1440,dark,200,1,False,0
/lesson/21-020/,1440,dark,200,1,False,0
/lesson/21-021/,1440,dark,200,1,False,0
/lesson/22-001/,1440,dark,200,1,False,0
/lesson/22-002/,1440,dark,200,1,False,0
/lesson/22-003/,1440,dark,200,1,False,0
/lesson/22-004/,1440,dark,200,1,False,0
/lesson/22-005/,1440,dark,200,1,False,0
/lesson/22-006/,1440,dark,200,1,False,0
/lesson/22-007/,1440,dark,200,1,False,0
/lesson/22-008/,1440,dark,200,1,False,0
/lesson/22-009/,1440,dark,200,1,False,0
/lesson/22-010/,1440,dark,200,1,False,0
/lesson/22-011/,1440,dark,200,1,False,0
/lesson/22-012/,1440,dark,200,1,False,0
/lesson/22-013/,1440,dark,200,1,False,0
/lesson/22-014/,1440,dark,200,1,False,0
/lesson/22-015/,1440,dark,200,1,False,0
/level/1/,1440,dark,200,1,False,0
/level/2/,1440,dark,200,1,False,0
/level/3/,1440,dark,200,1,False,0
/level/4/,1440,dark,200,1,False,0
/module/01-MODULE/,1440,dark,200,1,False,0
/module/02-MODULE/,1440,dark,200,1,False,0
/module/03-MODULE/,1440,dark,200,1,False,0
/module/04-MODULE/,1440,dark,200,1,False,0
/module/05-MODULE/,1440,dark,200,1,False,0
/module/06-MODULE/,1440,dark,200,1,False,0
/module/07-MODULE/,1440,dark,200,1,False,0
/module/08-MODULE/,1440,dark,200,1,False,0
/module/09-MODULE/,1440,dark,200,1,False,0
/module/10-MODULE/,1440,dark,200,1,False,0
/module/11-MODULE/,1440,dark,200,1,False,0
/module/12-MODULE/,1440,dark,200,1,False,0
/module/13-MODULE/,1440,dark,200,1,False,0
/module/14-MODULE/,1440,dark,200,1,False,0
/module/15-MODULE/,1440,dark,200,1,False,0
/module/16-MODULE/,1440,dark,200,1,False,0
/module/17-MODULE/,1440,dark,200,1,False,0
/module/18-MODULE/,1440,dark,200,1,False,0
/module/19-MODULE/,1440,dark,200,1,False,0
/module/20-MODULE/,1440,dark,200,1,False,0
/module/21-MODULE/,1440,dark,200,1,False,0
/module/22-MODULE/,1440,dark,200,1,False,0
/practice/,1440,dark,200,1,False,0
/practice/01-P01/,1440,dark,200,1,False,1
/practice/01-P02/,1440,dark,200,1,False,1
/practice/01-P03/,1440,dark,200,1,False,1
/practice/02-P01/,1440,dark,200,1,False,1
/practice/02-P02/,1440,dark,200,1,False,1
/practice/02-P03/,1440,dark,200,1,False,1
/practice/03-P01/,1440,dark,200,1,False,1
/practice/03-P02/,1440,dark,200,1,False,1
/practice/03-P03/,1440,dark,200,1,False,1
/practice/03-P04/,1440,dark,200,1,False,1
/practice/04-P01/,1440,dark,200,1,False,1
/practice/04-P02/,1440,dark,200,1,False,1
/practice/04-P03/,1440,dark,200,1,False,1
/practice/05-P01/,1440,dark,200,1,False,1
/practice/05-P02/,1440,dark,200,1,False,1
/practice/05-P03/,1440,dark,200,1,False,1
/practice/06-P01/,1440,dark,200,1,False,1
/practice/06-P02/,1440,dark,200,1,False,1
/practice/06-P03/,1440,dark,200,1,False,1
/practice/07-P01/,1440,dark,200,1,False,1
/practice/07-P02/,1440,dark,200,1,False,1
/practice/07-P03/,1440,dark,200,1,False,1
/practice/08-P01/,1440,dark,200,1,False,1
/practice/08-P02/,1440,dark,200,1,False,1
/practice/08-P03/,1440,dark,200,1,False,1
/practice/08-P04/,1440,dark,200,1,False,1
/practice/09-P01/,1440,dark,200,1,False,1
/practice/09-P02/,1440,dark,200,1,False,1
/practice/09-P03/,1440,dark,200,1,False,1
/practice/10-P01/,1440,dark,200,1,False,1
/practice/10-P02/,1440,dark,200,1,False,1
/practice/10-P03/,1440,dark,200,1,False,1
/practice/11-P01/,1440,dark,200,1,False,1
/practice/11-P02/,1440,dark,200,1,False,1
/practice/11-P03/,1440,dark,200,1,False,1
/practice/11-P04/,1440,dark,200,1,False,1
/practice/12-P01/,1440,dark,200,1,False,1
/practice/12-P02/,1440,dark,200,1,False,1
/practice/12-P03/,1440,dark,200,1,False,1
/practice/13-P01/,1440,dark,200,1,False,1
/practice/13-P02/,1440,dark,200,1,False,1
/practice/13-P03/,1440,dark,200,1,False,1
/practice/14-P01/,1440,dark,200,1,False,1
/practice/14-P02/,1440,dark,200,1,False,1
/practice/14-P03/,1440,dark,200,1,False,1
/practice/14-P04/,1440,dark,200,1,False,1
/practice/15-P01/,1440,dark,200,1,False,1
/practice/15-P02/,1440,dark,200,1,False,1
/practice/15-P03/,1440,dark,200,1,False,1
/practice/16-P01/,1440,dark,200,1,False,1
/practice/16-P02/,1440,dark,200,1,False,1
/practice/16-P03/,1440,dark,200,1,False,1
/practice/17-P01/,1440,dark,200,1,False,1
/practice/17-P02/,1440,dark,200,1,False,1
/practice/17-P03/,1440,dark,200,1,False,1
/practice/18-P01/,1440,dark,200,1,False,1
/practice/18-P02/,1440,dark,200,1,False,1
/practice/18-P03/,1440,dark,200,1,False,1
/practice/18-P04/,1440,dark,200,1,False,1
/practice/19-P01/,1440,dark,200,1,False,1
/practice/19-P02/,1440,dark,200,1,False,1
/practice/19-P03/,1440,dark,200,1,False,1
/practice/20-P01/,1440,dark,200,1,False,1
/practice/20-P02/,1440,dark,200,1,False,1
/practice/20-P03/,1440,dark,200,1,False,1
/practice/21-P01/,1440,dark,200,1,False,1
/practice/21-P02/,1440,dark,200,1,False,1
/practice/21-P03/,1440,dark,200,1,False,1
/practice/21-P04/,1440,dark,200,1,False,1
/practice/22-P01/,1440,dark,200,1,False,1
/practice/22-P02/,1440,dark,200,1,False,1
/practice/22-P03/,1440,dark,200,1,False,1
/roadmap/,1440,dark,200,1,False,0
/search/,1440,dark,200,1,False,0
/settings/,1440,dark,200,1,False,0
/source/B01/,1440,dark,200,1,False,0
/source/B02/,1440,dark,200,1,False,0
/source/B03/,1440,dark,200,1,False,0
/source/B04/,1440,dark,200,1,False,0
/source/B05/,1440,dark,200,1,False,0
/source/B06/,1440,dark,200,1,False,0
/source/B07/,1440,dark,200,1,False,0
/source/B08/,1440,dark,200,1,False,0
/source/B09/,1440,dark,200,1,False,0
/source/B10/,1440,dark,200,1,False,0
/source/B11/,1440,dark,200,1,False,0
/source/B12/,1440,dark,200,1,False,0
/source/C01/,1440,dark,200,1,False,0
/source/C02/,1440,dark,200,1,False,0
/source/C03/,1440,dark,200,1,False,0
/source/C04/,1440,dark,200,1,False,0
/source/C05/,1440,dark,200,1,False,0
/source/C06/,1440,dark,200,1,False,0
/source/C07/,1440,dark,200,1,False,0
/source/G01/,1440,dark,200,1,False,0
/source/G02/,1440,dark,200,1,False,0
/source/G03/,1440,dark,200,1,False,0
/source/G04/,1440,dark,200,1,False,0
/source/G05/,1440,dark,200,1,False,0
/source/G06/,1440,dark,200,1,False,0
/source/G07/,1440,dark,200,1,False,0
/source/S01/,1440,dark,200,1,False,0
/source/S02/,1440,dark,200,1,False,0
/source/S03/,1440,dark,200,1,False,0
/source/S04/,1440,dark,200,1,False,0
/source/V01/,1440,dark,200,1,False,0
/source/V02/,1440,dark,200,1,False,0
/source/V03/,1440,dark,200,1,False,0
/sources/,1440,dark,200,1,False,0
/,390,light,200,1,False,0
/bookmarks/,390,light,200,1,False,0
/final-project/,390,light,200,1,False,0
/lesson/01-001/,390,light,200,1,False,0
/lesson/01-002/,390,light,200,1,False,0
/lesson/01-003/,390,light,200,1,False,0
/lesson/01-004/,390,light,200,1,False,0
/lesson/01-005/,390,light,200,1,False,0
/lesson/01-006/,390,light,200,1,False,0
/lesson/01-007/,390,light,200,1,False,0
/lesson/01-008/,390,light,200,1,False,0
/lesson/01-009/,390,light,200,1,False,0
/lesson/01-010/,390,light,200,1,False,0
/lesson/01-011/,390,light,200,1,False,0
/lesson/01-012/,390,light,200,1,False,0
/lesson/01-013/,390,light,200,1,False,0
/lesson/02-001/,390,light,200,1,False,0
/lesson/02-002/,390,light,200,1,False,0
/lesson/02-003/,390,light,200,1,False,0
/lesson/02-004/,390,light,200,1,False,0
/lesson/02-005/,390,light,200,1,False,0
/lesson/02-006/,390,light,200,1,False,0
/lesson/02-007/,390,light,200,1,False,0
/lesson/02-008/,390,light,200,1,False,0
/lesson/02-009/,390,light,200,1,False,0
/lesson/02-010/,390,light,200,1,False,0
/lesson/02-011/,390,light,200,1,False,0
/lesson/02-012/,390,light,200,1,False,0
/lesson/02-013/,390,light,200,1,False,0
/lesson/02-014/,390,light,200,1,False,0
/lesson/03-001/,390,light,200,1,False,0
/lesson/03-002/,390,light,200,1,False,0
/lesson/03-003/,390,light,200,1,False,0
/lesson/03-004/,390,light,200,1,False,0
/lesson/03-005/,390,light,200,1,False,0
/lesson/03-006/,390,light,200,1,False,0
/lesson/03-007/,390,light,200,1,False,0
/lesson/03-008/,390,light,200,1,False,0
/lesson/03-009/,390,light,200,1,False,0
/lesson/03-010/,390,light,200,1,False,0
/lesson/03-011/,390,light,200,1,False,0
/lesson/03-012/,390,light,200,1,False,0
/lesson/03-013/,390,light,200,1,False,0
/lesson/03-014/,390,light,200,1,False,0
/lesson/04-001/,390,light,200,1,False,0
/lesson/04-002/,390,light,200,1,False,0
/lesson/04-003/,390,light,200,1,False,0
/lesson/04-004/,390,light,200,1,False,0
/lesson/04-005/,390,light,200,1,False,0
/lesson/04-006/,390,light,200,1,False,0
/lesson/04-007/,390,light,200,1,False,0
/lesson/04-008/,390,light,200,1,False,0
/lesson/04-009/,390,light,200,1,False,0
/lesson/04-010/,390,light,200,1,False,0
/lesson/04-011/,390,light,200,1,False,0
/lesson/04-012/,390,light,200,1,False,0
/lesson/04-013/,390,light,200,1,False,0
/lesson/04-014/,390,light,200,1,False,0
/lesson/05-001/,390,light,200,1,False,0
/lesson/05-002/,390,light,200,1,False,0
/lesson/05-003/,390,light,200,1,False,0
/lesson/05-004/,390,light,200,1,False,0
/lesson/05-005/,390,light,200,1,False,0
/lesson/05-006/,390,light,200,1,False,0
/lesson/05-007/,390,light,200,1,False,0
/lesson/05-008/,390,light,200,1,False,0
/lesson/05-009/,390,light,200,1,False,0
/lesson/05-010/,390,light,200,1,False,0
/lesson/05-011/,390,light,200,1,False,0
/lesson/05-012/,390,light,200,1,False,0
/lesson/05-013/,390,light,200,1,False,0
/lesson/05-014/,390,light,200,1,False,0
/lesson/05-015/,390,light,200,1,False,0
/lesson/06-001/,390,light,200,1,False,0
/lesson/06-002/,390,light,200,1,False,0
/lesson/06-003/,390,light,200,1,False,0
/lesson/06-004/,390,light,200,1,False,0
/lesson/06-005/,390,light,200,1,False,0
/lesson/06-006/,390,light,200,1,False,0
/lesson/06-007/,390,light,200,1,False,0
/lesson/06-008/,390,light,200,1,False,0
/lesson/06-009/,390,light,200,1,False,0
/lesson/06-010/,390,light,200,1,False,0
/lesson/06-011/,390,light,200,1,False,0
/lesson/06-012/,390,light,200,1,False,0
/lesson/06-013/,390,light,200,1,False,0
/lesson/06-014/,390,light,200,1,False,0
/lesson/06-015/,390,light,200,1,False,0
/lesson/06-016/,390,light,200,1,False,0
/lesson/07-001/,390,light,200,1,False,0
/lesson/07-002/,390,light,200,1,False,0
/lesson/07-003/,390,light,200,1,False,0
/lesson/07-004/,390,light,200,1,False,0
/lesson/07-005/,390,light,200,1,False,0
/lesson/07-006/,390,light,200,1,False,0
/lesson/07-007/,390,light,200,1,False,0
/lesson/07-008/,390,light,200,1,False,0
/lesson/07-009/,390,light,200,1,False,0
/lesson/07-010/,390,light,200,1,False,0
/lesson/07-011/,390,light,200,1,False,0
/lesson/07-012/,390,light,200,1,False,0
/lesson/07-013/,390,light,200,1,False,0
/lesson/07-014/,390,light,200,1,False,0
/lesson/07-015/,390,light,200,1,False,0
/lesson/08-001/,390,light,200,1,False,0
/lesson/08-002/,390,light,200,1,False,0
/lesson/08-003/,390,light,200,1,False,0
/lesson/08-004/,390,light,200,1,False,0
/lesson/08-005/,390,light,200,1,False,0
/lesson/08-006/,390,light,200,1,False,0
/lesson/08-007/,390,light,200,1,False,0
/lesson/08-008/,390,light,200,1,False,0
/lesson/08-009/,390,light,200,1,False,0
/lesson/08-010/,390,light,200,1,False,0
/lesson/08-011/,390,light,200,1,False,0
/lesson/08-012/,390,light,200,1,False,0
/lesson/08-013/,390,light,200,1,False,0
/lesson/08-014/,390,light,200,1,False,0
/lesson/08-015/,390,light,200,1,False,0
/lesson/08-016/,390,light,200,1,False,0
/lesson/09-001/,390,light,200,1,False,0
/lesson/09-002/,390,light,200,1,False,0
/lesson/09-003/,390,light,200,1,False,0
/lesson/09-004/,390,light,200,1,False,0
/lesson/09-005/,390,light,200,1,False,0
/lesson/09-006/,390,light,200,1,False,0
/lesson/09-007/,390,light,200,1,False,0
/lesson/09-008/,390,light,200,1,False,0
/lesson/09-009/,390,light,200,1,False,0
/lesson/09-010/,390,light,200,1,False,0
/lesson/09-011/,390,light,200,1,False,0
/lesson/09-012/,390,light,200,1,False,0
/lesson/09-013/,390,light,200,1,False,0
/lesson/09-014/,390,light,200,1,False,0
/lesson/09-015/,390,light,200,1,False,0
/lesson/09-016/,390,light,200,1,False,0
/lesson/10-001/,390,light,200,1,False,0
/lesson/10-002/,390,light,200,1,False,0
/lesson/10-003/,390,light,200,1,False,0
/lesson/10-004/,390,light,200,1,False,0
/lesson/10-005/,390,light,200,1,False,0
/lesson/10-006/,390,light,200,1,False,0
/lesson/10-007/,390,light,200,1,False,0
/lesson/10-008/,390,light,200,1,False,0
/lesson/10-009/,390,light,200,1,False,0
/lesson/10-010/,390,light,200,1,False,0
/lesson/10-011/,390,light,200,1,False,0
/lesson/10-012/,390,light,200,1,False,0
/lesson/10-013/,390,light,200,1,False,0
/lesson/10-014/,390,light,200,1,False,0
/lesson/10-015/,390,light,200,1,False,0
/lesson/11-001/,390,light,200,1,False,0
/lesson/11-002/,390,light,200,1,False,0
/lesson/11-003/,390,light,200,1,False,0
/lesson/11-004/,390,light,200,1,False,0
/lesson/11-005/,390,light,200,1,False,0
/lesson/11-006/,390,light,200,1,False,0
/lesson/11-007/,390,light,200,1,False,0
/lesson/11-008/,390,light,200,1,False,0
/lesson/11-009/,390,light,200,1,False,0
/lesson/11-010/,390,light,200,1,False,0
/lesson/11-011/,390,light,200,1,False,0
/lesson/11-012/,390,light,200,1,False,0
/lesson/11-013/,390,light,200,1,False,0
/lesson/11-014/,390,light,200,1,False,0
/lesson/11-015/,390,light,200,1,False,0
/lesson/11-016/,390,light,200,1,False,0
/lesson/12-001/,390,light,200,1,False,0
/lesson/12-002/,390,light,200,1,False,0
/lesson/12-003/,390,light,200,1,False,0
/lesson/12-004/,390,light,200,1,False,0
/lesson/12-005/,390,light,200,1,False,0
/lesson/12-006/,390,light,200,1,False,0
/lesson/12-007/,390,light,200,1,False,0
/lesson/12-008/,390,light,200,1,False,0
/lesson/12-009/,390,light,200,1,False,0
/lesson/12-010/,390,light,200,1,False,0
/lesson/12-011/,390,light,200,1,False,0
/lesson/12-012/,390,light,200,1,False,0
/lesson/12-013/,390,light,200,1,False,0
/lesson/12-014/,390,light,200,1,False,0
/lesson/12-015/,390,light,200,1,False,0
/lesson/12-016/,390,light,200,1,False,0
/lesson/13-001/,390,light,200,1,False,0
/lesson/13-002/,390,light,200,1,False,0
/lesson/13-003/,390,light,200,1,False,0
/lesson/13-004/,390,light,200,1,False,0
/lesson/13-005/,390,light,200,1,False,0
/lesson/13-006/,390,light,200,1,False,0
/lesson/13-007/,390,light,200,1,False,0
/lesson/13-008/,390,light,200,1,False,0
/lesson/13-009/,390,light,200,1,False,0
/lesson/13-010/,390,light,200,1,False,0
/lesson/13-011/,390,light,200,1,False,0
/lesson/13-012/,390,light,200,1,False,0
/lesson/13-013/,390,light,200,1,False,0
/lesson/13-014/,390,light,200,1,False,0
/lesson/13-015/,390,light,200,1,False,0
/lesson/14-001/,390,light,200,1,False,0
/lesson/14-002/,390,light,200,1,False,0
/lesson/14-003/,390,light,200,1,False,0
/lesson/14-004/,390,light,200,1,False,0
/lesson/14-005/,390,light,200,1,False,0
/lesson/14-006/,390,light,200,1,False,0
/lesson/14-007/,390,light,200,1,False,0
/lesson/14-008/,390,light,200,1,False,0
/lesson/14-009/,390,light,200,1,False,0
/lesson/14-010/,390,light,200,1,False,0
/lesson/14-011/,390,light,200,1,False,0
/lesson/14-012/,390,light,200,1,False,0
/lesson/14-013/,390,light,200,1,False,0
/lesson/14-014/,390,light,200,1,False,0
/lesson/14-015/,390,light,200,1,False,0
/lesson/14-016/,390,light,200,1,False,0
/lesson/15-001/,390,light,200,1,False,0
/lesson/15-002/,390,light,200,1,False,0
/lesson/15-003/,390,light,200,1,False,0
/lesson/15-004/,390,light,200,1,False,0
/lesson/15-005/,390,light,200,1,False,0
/lesson/15-006/,390,light,200,1,False,0
/lesson/15-007/,390,light,200,1,False,0
/lesson/15-008/,390,light,200,1,False,0
/lesson/15-009/,390,light,200,1,False,0
/lesson/15-010/,390,light,200,1,False,0
/lesson/15-011/,390,light,200,1,False,0
/lesson/15-012/,390,light,200,1,False,0
/lesson/15-013/,390,light,200,1,False,0
/lesson/16-001/,390,light,200,1,False,0
/lesson/16-002/,390,light,200,1,False,0
/lesson/16-003/,390,light,200,1,False,0
/lesson/16-004/,390,light,200,1,False,0
/lesson/16-005/,390,light,200,1,False,0
/lesson/16-006/,390,light,200,1,False,0
/lesson/16-007/,390,light,200,1,False,0
/lesson/16-008/,390,light,200,1,False,0
/lesson/16-009/,390,light,200,1,False,0
/lesson/16-010/,390,light,200,1,False,0
/lesson/16-011/,390,light,200,1,False,0
/lesson/16-012/,390,light,200,1,False,0
/lesson/16-013/,390,light,200,1,False,0
/lesson/16-014/,390,light,200,1,False,0
/lesson/17-001/,390,light,200,1,False,0
/lesson/17-002/,390,light,200,1,False,0
/lesson/17-003/,390,light,200,1,False,0
/lesson/17-004/,390,light,200,1,False,0
/lesson/17-005/,390,light,200,1,False,0
/lesson/17-006/,390,light,200,1,False,0
/lesson/17-007/,390,light,200,1,False,0
/lesson/17-008/,390,light,200,1,False,0
/lesson/17-009/,390,light,200,1,False,0
/lesson/17-010/,390,light,200,1,False,0
/lesson/17-011/,390,light,200,1,False,0
/lesson/17-012/,390,light,200,1,False,0
/lesson/18-001/,390,light,200,1,False,0
/lesson/18-002/,390,light,200,1,False,0
/lesson/18-003/,390,light,200,1,False,0
/lesson/18-004/,390,light,200,1,False,0
/lesson/18-005/,390,light,200,1,False,0
/lesson/18-006/,390,light,200,1,False,0
/lesson/18-007/,390,light,200,1,False,0
/lesson/18-008/,390,light,200,1,False,0
/lesson/18-009/,390,light,200,1,False,0
/lesson/18-010/,390,light,200,1,False,0
/lesson/18-011/,390,light,200,1,False,0
/lesson/18-012/,390,light,200,1,False,0
/lesson/18-013/,390,light,200,1,False,0
/lesson/18-014/,390,light,200,1,False,0
/lesson/18-015/,390,light,200,1,False,0
/lesson/18-016/,390,light,200,1,False,0
/lesson/18-017/,390,light,200,1,False,0
/lesson/18-018/,390,light,200,1,False,0
/lesson/18-019/,390,light,200,1,False,0
/lesson/18-020/,390,light,200,1,False,0
/lesson/18-021/,390,light,200,1,False,0
/lesson/18-022/,390,light,200,1,False,0
/lesson/19-001/,390,light,200,1,False,0
/lesson/19-002/,390,light,200,1,False,0
/lesson/19-003/,390,light,200,1,False,0
/lesson/19-004/,390,light,200,1,False,0
/lesson/19-005/,390,light,200,1,False,0
/lesson/19-006/,390,light,200,1,False,0
/lesson/19-007/,390,light,200,1,False,0
/lesson/19-008/,390,light,200,1,False,0
/lesson/19-009/,390,light,200,1,False,0
/lesson/19-010/,390,light,200,1,False,0
/lesson/19-011/,390,light,200,1,False,0
/lesson/19-012/,390,light,200,1,False,0
/lesson/19-013/,390,light,200,1,False,0
/lesson/19-014/,390,light,200,1,False,0
/lesson/19-015/,390,light,200,1,False,0
/lesson/20-001/,390,light,200,1,False,0
/lesson/20-002/,390,light,200,1,False,0
/lesson/20-003/,390,light,200,1,False,0
/lesson/20-004/,390,light,200,1,False,0
/lesson/20-005/,390,light,200,1,False,0
/lesson/20-006/,390,light,200,1,False,0
/lesson/20-007/,390,light,200,1,False,0
/lesson/20-008/,390,light,200,1,False,0
/lesson/20-009/,390,light,200,1,False,0
/lesson/20-010/,390,light,200,1,False,0
/lesson/20-011/,390,light,200,1,False,0
/lesson/20-012/,390,light,200,1,False,0
/lesson/20-013/,390,light,200,1,False,0
/lesson/21-001/,390,light,200,1,False,0
/lesson/21-002/,390,light,200,1,False,0
/lesson/21-003/,390,light,200,1,False,0
/lesson/21-004/,390,light,200,1,False,0
/lesson/21-005/,390,light,200,1,False,0
/lesson/21-006/,390,light,200,1,False,0
/lesson/21-007/,390,light,200,1,False,0
/lesson/21-008/,390,light,200,1,False,0
/lesson/21-009/,390,light,200,1,False,0
/lesson/21-010/,390,light,200,1,False,0
/lesson/21-011/,390,light,200,1,False,0
/lesson/21-012/,390,light,200,1,False,0
/lesson/21-013/,390,light,200,1,False,0
/lesson/21-014/,390,light,200,1,False,0
/lesson/21-015/,390,light,200,1,False,0
/lesson/21-016/,390,light,200,1,False,0
/lesson/21-017/,390,light,200,1,False,0
/lesson/21-018/,390,light,200,1,False,0
/lesson/21-019/,390,light,200,1,False,0
/lesson/21-020/,390,light,200,1,False,0
/lesson/21-021/,390,light,200,1,False,0
/lesson/22-001/,390,light,200,1,False,0
/lesson/22-002/,390,light,200,1,False,0
/lesson/22-003/,390,light,200,1,False,0
/lesson/22-004/,390,light,200,1,False,0
/lesson/22-005/,390,light,200,1,False,0
/lesson/22-006/,390,light,200,1,False,0
/lesson/22-007/,390,light,200,1,False,0
/lesson/22-008/,390,light,200,1,False,0
/lesson/22-009/,390,light,200,1,False,0
/lesson/22-010/,390,light,200,1,False,0
/lesson/22-011/,390,light,200,1,False,0
/lesson/22-012/,390,light,200,1,False,0
/lesson/22-013/,390,light,200,1,False,0
/lesson/22-014/,390,light,200,1,False,0
/lesson/22-015/,390,light,200,1,False,0
/level/1/,390,light,200,1,False,0
/level/2/,390,light,200,1,False,0
/level/3/,390,light,200,1,False,0
/level/4/,390,light,200,1,False,0
/module/01-MODULE/,390,light,200,1,False,0
/module/02-MODULE/,390,light,200,1,False,0
/module/03-MODULE/,390,light,200,1,False,0
/module/04-MODULE/,390,light,200,1,False,0
/module/05-MODULE/,390,light,200,1,False,0
/module/06-MODULE/,390,light,200,1,False,0
/module/07-MODULE/,390,light,200,1,False,0
/module/08-MODULE/,390,light,200,1,False,0
/module/09-MODULE/,390,light,200,1,False,0
/module/10-MODULE/,390,light,200,1,False,0
/module/11-MODULE/,390,light,200,1,False,0
/module/12-MODULE/,390,light,200,1,False,0
/module/13-MODULE/,390,light,200,1,False,0
/module/14-MODULE/,390,light,200,1,False,0
/module/15-MODULE/,390,light,200,1,False,0
/module/16-MODULE/,390,light,200,1,False,0
/module/17-MODULE/,390,light,200,1,False,0
/module/18-MODULE/,390,light,200,1,False,0
/module/19-MODULE/,390,light,200,1,False,0
/module/20-MODULE/,390,light,200,1,False,0
/module/21-MODULE/,390,light,200,1,False,0
/module/22-MODULE/,390,light,200,1,False,0
/practice/,390,light,200,1,False,0
/practice/01-P01/,390,light,200,1,True,1
/practice/01-P02/,390,light,200,1,True,1
/practice/01-P03/,390,light,200,1,True,1
/practice/02-P01/,390,light,200,1,True,1
/practice/02-P02/,390,light,200,1,True,1
/practice/02-P03/,390,light,200,1,True,1
/practice/03-P01/,390,light,200,1,True,1
/practice/03-P02/,390,light,200,1,True,1
/practice/03-P03/,390,light,200,1,True,1
/practice/03-P04/,390,light,200,1,True,1
/practice/04-P01/,390,light,200,1,True,1
/practice/04-P02/,390,light,200,1,True,1
/practice/04-P03/,390,light,200,1,True,1
/practice/05-P01/,390,light,200,1,True,1
/practice/05-P02/,390,light,200,1,True,1
/practice/05-P03/,390,light,200,1,True,1
/practice/06-P01/,390,light,200,1,True,1
/practice/06-P02/,390,light,200,1,True,1
/practice/06-P03/,390,light,200,1,True,1
/practice/07-P01/,390,light,200,1,True,1
/practice/07-P02/,390,light,200,1,True,1
/practice/07-P03/,390,light,200,1,True,1
/practice/08-P01/,390,light,200,1,True,1
/practice/08-P02/,390,light,200,1,True,1
/practice/08-P03/,390,light,200,1,True,1
/practice/08-P04/,390,light,200,1,True,1
/practice/09-P01/,390,light,200,1,True,1
/practice/09-P02/,390,light,200,1,True,1
/practice/09-P03/,390,light,200,1,True,1
/practice/10-P01/,390,light,200,1,True,1
/practice/10-P02/,390,light,200,1,True,1
/practice/10-P03/,390,light,200,1,True,1
/practice/11-P01/,390,light,200,1,True,1
/practice/11-P02/,390,light,200,1,True,1
/practice/11-P03/,390,light,200,1,True,1
/practice/11-P04/,390,light,200,1,True,1
/practice/12-P01/,390,light,200,1,True,1
/practice/12-P02/,390,light,200,1,True,1
/practice/12-P03/,390,light,200,1,True,1
/practice/13-P01/,390,light,200,1,True,1
/practice/13-P02/,390,light,200,1,True,1
/practice/13-P03/,390,light,200,1,True,1
/practice/14-P01/,390,light,200,1,True,1
/practice/14-P02/,390,light,200,1,True,1
/practice/14-P03/,390,light,200,1,True,1
/practice/14-P04/,390,light,200,1,True,1
/practice/15-P01/,390,light,200,1,True,1
/practice/15-P02/,390,light,200,1,True,1
/practice/15-P03/,390,light,200,1,True,1
/practice/16-P01/,390,light,200,1,True,1
/practice/16-P02/,390,light,200,1,True,1
/practice/16-P03/,390,light,200,1,True,1
/practice/17-P01/,390,light,200,1,True,1
/practice/17-P02/,390,light,200,1,True,1
/practice/17-P03/,390,light,200,1,True,1
/practice/18-P01/,390,light,200,1,True,1
/practice/18-P02/,390,light,200,1,True,1
/practice/18-P03/,390,light,200,1,True,1
/practice/18-P04/,390,light,200,1,True,1
/practice/19-P01/,390,light,200,1,True,1
/practice/19-P02/,390,light,200,1,True,1
/practice/19-P03/,390,light,200,1,True,1
/practice/20-P01/,390,light,200,1,True,1
/practice/20-P02/,390,light,200,1,True,1
/practice/20-P03/,390,light,200,1,True,1
/practice/21-P01/,390,light,200,1,True,1
/practice/21-P02/,390,light,200,1,True,1
/practice/21-P03/,390,light,200,1,True,1
/practice/21-P04/,390,light,200,1,True,1
/practice/22-P01/,390,light,200,1,True,1
/practice/22-P02/,390,light,200,1,True,1
/practice/22-P03/,390,light,200,1,True,1
/roadmap/,390,light,200,1,False,0
/search/,390,light,200,1,False,0
/settings/,390,light,200,1,False,0
/source/B01/,390,light,200,1,False,0
/source/B02/,390,light,200,1,False,0
/source/B03/,390,light,200,1,False,0
/source/B04/,390,light,200,1,False,0
/source/B05/,390,light,200,1,False,0
/source/B06/,390,light,200,1,False,0
/source/B07/,390,light,200,1,False,0
/source/B08/,390,light,200,1,False,0
/source/B09/,390,light,200,1,False,0
/source/B10/,390,light,200,1,False,0
/source/B11/,390,light,200,1,False,0
/source/B12/,390,light,200,1,False,0
/source/C01/,390,light,200,1,False,0
/source/C02/,390,light,200,1,False,0
/source/C03/,390,light,200,1,False,0
/source/C04/,390,light,200,1,False,0
/source/C05/,390,light,200,1,False,0
/source/C06/,390,light,200,1,False,0
/source/C07/,390,light,200,1,False,0
/source/G01/,390,light,200,1,False,0
/source/G02/,390,light,200,1,False,0
/source/G03/,390,light,200,1,False,0
/source/G04/,390,light,200,1,False,0
/source/G05/,390,light,200,1,False,0
/source/G06/,390,light,200,1,False,0
/source/G07/,390,light,200,1,False,0
/source/S01/,390,light,200,1,False,0
/source/S02/,390,light,200,1,False,0
/source/S03/,390,light,200,1,False,0
/source/S04/,390,light,200,1,False,0
/source/V01/,390,light,200,1,False,0
/source/V02/,390,light,200,1,False,0
/source/V03/,390,light,200,1,False,0
/sources/,390,light,200,1,False,0
